{"entities":{"pages":{"starter-topic":{"id":"starter-topic","title":"Byanat","url":"starter-topic.html","level":0,"pages":["Search-Box-Component","Widget-Container-Component","Map-Component"],"tabIndex":0},"Search-Box-Component":{"id":"Search-Box-Component","title":"Search Box Component","url":"search-box-component.html","level":1,"parentId":"starter-topic","tabIndex":0},"Widget-Container-Component":{"id":"Widget-Container-Component","title":"Widget Container Component","url":"widget-container-component.html","level":1,"parentId":"starter-topic","tabIndex":1},"Map-Component":{"id":"Map-Component","title":"Map Component","url":"map-component.html","level":1,"parentId":"starter-topic","tabIndex":2}}},"topLevelIds":["starter-topic"]}